,日期,骑行,跑步,跳绳
1,2025/1/1,2,0,0
2,2025/1/2,3,0,0
3,2025/1/3,2,0,0
4,2025/1/4,0,0,0
5,2025/1/5,0,0,0
6,2025/1/6,0,0,0
7,2025/1/7,0,0,0
8,2025/1/8,0,0,0
9,2025/1/9,0,0,0
10,2025/1/10,0,0,0
11,2025/1/11,0,0,0
12,2025/1/12,0,0,0
13,2025/1/13,0,0,0
14,2025/1/14,0,0,0
15,2025/1/15,0,0,0
16,2025/1/16,0,0,0
17,2025/1/17,0,0,0
18,2025/1/18,0,0,0
19,2025/1/19,0,0,0
20,2025/1/20,0,0,0
21,2025/1/21,0,0,0
22,2025/1/22,0,0,0
23,2025/1/23,0,0,0
24,2025/1/24,0,0,0
25,2025/1/25,0,0,0
26,2025/1/26,0,0,0
27,2025/1/27,0,0,0
28,2025/1/28,0,0,0
29,2025/1/29,0,0,0
30,2025/1/30,0,0,0
31,2025/1/31,0,0,0
32,2025/2/1,0,0,0
33,2025/2/2,0,0,0
34,2025/2/3,0,0,0
35,2025/2/4,0,0,0
36,2025/2/5,0,0,0
37,2025/2/6,0,0,0
38,2025/2/7,0,0,0
39,2025/2/8,0,0,0
40,2025/2/9,0,0,0
41,2025/2/10,0,0,0
42,2025/2/11,0,0,0
43,2025/2/12,0,0,0
44,2025/2/13,0,0,0
45,2025/2/14,0,0,0
46,2025/2/15,0,0,0
47,2025/2/16,0,0,0
48,2025/2/17,0,0,0
49,2025/2/18,0,0,0
50,2025/2/19,0,0,0
51,2025/2/20,0,0,0
52,2025/2/21,0,0,0
53,2025/2/22,0,0,0
54,2025/2/23,0,0,0
55,2025/2/24,0,0,0
56,2025/2/25,0,0,0
57,2025/2/26,0,0,0
58,2025/2/27,0,0,0
59,2025/2/28,0,0,0
61,2025/3/1,0,0,0
62,2025/3/2,0,0,0
63,2025/3/3,0,0,0
64,2025/3/4,0,0,0
65,2025/3/5,0,0,0
66,2025/3/6,0,0,0
67,2025/3/7,0,0,0
68,2025/3/8,0,0,0
69,2025/3/9,0,0,0
70,2025/3/10,0,0,0
71,2025/3/11,0,0,0
72,2025/3/12,0,0,0
73,2025/3/13,0,0,0
74,2025/3/14,0,0,0
75,2025/3/15,0,0,0
76,2025/3/16,0,0,0
77,2025/3/17,0,0,0
78,2025/3/18,0,0,0
79,2025/3/19,0,0,0
80,2025/3/20,0,0,0
81,2025/3/21,0,0,0
82,2025/3/22,0,0,0
83,2025/3/23,0,0,0
84,2025/3/24,0,0,0
85,2025/3/25,0,0,0
86,2025/3/26,0,0,0
87,2025/3/27,0,0,0
88,2025/3/28,0,0,0
89,2025/3/29,0,0,0
90,2025/3/30,0,0,0
91,2025/3/31,0,0,0
92,2025/4/1,0,0,0
93,2025/4/2,0,0,0
94,2025/4/3,0,0,0
95,2025/4/4,0,0,0
96,2025/4/5,0,0,0
97,2025/4/6,0,0,0
98,2025/4/7,0,0,0
99,2025/4/8,0,0,0
100,2025/4/9,0,0,0
101,2025/4/10,0,0,0
102,2025/4/11,0,0,0
103,2025/4/12,0,0,0
104,2025/4/13,0,0,0
105,2025/4/14,0,0,0
106,2025/4/15,0,0,0
107,2025/4/16,0,0,0
108,2025/4/17,0,0,0
109,2025/4/18,0,0,0
110,2025/4/19,0,0,0
111,2025/4/20,0,0,0
112,2025/4/21,0,0,0
113,2025/4/22,0,0,0
114,2025/4/23,0,0,0
115,2025/4/24,0,0,0
116,2025/4/25,0,0,0
117,2025/4/26,0,0,0
118,2025/4/27,0,0,0
119,2025/4/28,0,0,0
120,2025/4/29,0,0,0
121,2025/4/30,0,0,0
122,2025/5/1,0,0,0
123,2025/5/2,0,0,0
124,2025/5/3,0,0,0
125,2025/5/4,0,0,0
126,2025/5/5,0,0,0
127,2025/5/6,0,0,0
128,2025/5/7,0,0,0
129,2025/5/8,0,0,0
130,2025/5/9,0,0,0
131,2025/5/10,0,0,0
132,2025/5/11,0,0,0
133,2025/5/12,0,0,0
134,2025/5/13,0,0,0
135,2025/5/14,0,0,0
136,2025/5/15,0,0,0
137,2025/5/16,0,0,0
138,2025/5/17,0,0,0
139,2025/5/18,0,0,0
140,2025/5/19,0,0,0
141,2025/5/20,0,0,0
142,2025/5/21,0,0,0
143,2025/5/22,0,0,0
144,2025/5/23,0,0,0
145,2025/5/24,0,0,0
146,2025/5/25,0,0,0
147,2025/5/26,0,0,0
148,2025/5/27,0,0,0
149,2025/5/28,0,0,0
150,2025/5/29,0,0,0
151,2025/5/30,0,0,0
152,2025/5/31,0,0,0
153,2025/6/1,0,0,0
154,2025/6/2,0,0,0
155,2025/6/3,0,0,0
156,2025/6/4,0,0,0
157,2025/6/5,0,0,0
158,2025/6/6,0,0,0
159,2025/6/7,0,0,0
160,2025/6/8,0,0,0
161,2025/6/9,0,0,0
162,2025/6/10,0,0,0
163,2025/6/11,0,0,0
164,2025/6/12,0,0,0
165,2025/6/13,0,0,0
166,2025/6/14,0,0,0
167,2025/6/15,0,0,0
168,2025/6/16,0,0,0
169,2025/6/17,0,0,0
170,2025/6/18,0,0,0
171,2025/6/19,0,0,0
172,2025/6/20,0,0,0
173,2025/6/21,0,0,0
174,2025/6/22,0,0,0
175,2025/6/23,0,0,0
176,2025/6/24,0,0,0
177,2025/6/25,0,0,0
178,2025/6/26,0,0,0
179,2025/6/27,0,0,0
180,2025/6/28,0,0,0
181,2025/6/29,0,0,0
182,2025/6/30,0,0,0
183,2025/7/1,0,0,0
184,2025/7/2,0,0,0
185,2025/7/3,0,0,0
186,2025/7/4,0,0,0
187,2025/7/5,0,0,0
188,2025/7/6,0,0,0
189,2025/7/7,0,0,0
190,2025/7/8,0,0,0
191,2025/7/9,0,0,0
192,2025/7/10,0,0,0
193,2025/7/11,0,0,0
194,2025/7/12,0,0,0
195,2025/7/13,0,0,0
196,2025/7/14,0,0,0
197,2025/7/15,0,0,0
198,2025/7/16,0,0,0
199,2025/7/17,0,0,0
200,2025/7/18,0,0,0
201,2025/7/19,0,0,0
202,2025/7/20,0,0,0
203,2025/7/21,0,0,0
204,2025/7/22,0,0,0
205,2025/7/23,0,0,0
206,2025/7/24,0,0,0
207,2025/7/25,0,0,0
208,2025/7/26,0,0,0
209,2025/7/27,0,0,0
210,2025/7/28,0,0,0
211,2025/7/29,0,0,0
212,2025/7/30,0,0,0
213,2025/7/31,0,0,0
214,2025/8/1,0,0,0
215,2025/8/2,0,0,0
216,2025/8/3,0,0,0
217,2025/8/4,0,0,0
218,2025/8/5,0,0,0
219,2025/8/6,0,0,0
220,2025/8/7,0,0,0
221,2025/8/8,0,0,0
222,2025/8/9,0,0,0
223,2025/8/10,0,0,0
224,2025/8/11,0,0,0
225,2025/8/12,0,0,0
226,2025/8/13,0,0,0
227,2025/8/14,0,0,0
228,2025/8/15,0,0,0
229,2025/8/16,0,0,0
230,2025/8/17,0,0,0
231,2025/8/18,0,0,0
232,2025/8/19,0,0,0
233,2025/8/20,0,0,0
234,2025/8/21,0,0,0
235,2025/8/22,0,0,0
236,2025/8/23,0,0,0
237,2025/8/24,0,0,0
238,2025/8/25,0,0,0
239,2025/8/26,0,0,0
240,2025/8/27,0,0,0
241,2025/8/28,0,0,0
242,2025/8/29,0,0,0
243,2025/8/30,0,0,0
244,2025/8/31,0,0,0
245,2025/9/1,0,0,0
246,2025/9/2,0,0,0
247,2025/9/3,0,0,0
248,2025/9/4,0,0,0
249,2025/9/5,0,0,0
250,2025/9/6,0,0,0
251,2025/9/7,0,0,0
252,2025/9/8,0,0,0
253,2025/9/9,0,0,0
254,2025/9/10,0,0,0
255,2025/9/11,0,0,0
256,2025/9/12,0,0,0
257,2025/9/13,0,0,0
258,2025/9/14,0,0,0
259,2025/9/15,0,0,0
260,2025/9/16,0,0,0
261,2025/9/17,0,0,0
262,2025/9/18,0,0,0
263,2025/9/19,0,0,0
264,2025/9/20,0,0,0
265,2025/9/21,0,0,0
266,2025/9/22,0,0,0
267,2025/9/23,0,0,0
268,2025/9/24,0,0,0
269,2025/9/25,0,0,0
270,2025/9/26,0,0,0
271,2025/9/27,0,0,0
272,2025/9/28,0,0,0
273,2025/9/29,0,0,0
274,2025/9/30,0,0,0
275,2025/10/1,0,0,0
276,2025/10/2,0,0,0
277,2025/10/3,0,0,0
278,2025/10/4,0,0,0
279,2025/10/5,0,0,0
280,2025/10/6,0,0,0
281,2025/10/7,0,0,0
282,2025/10/8,0,0,0
283,2025/10/9,0,0,0
284,2025/10/10,0,0,0
285,2025/10/11,0,0,0
286,2025/10/12,0,0,0
287,2025/10/13,0,0,0
288,2025/10/14,0,0,0
289,2025/10/15,0,0,0
290,2025/10/16,0,0,0
291,2025/10/17,0,0,0
292,2025/10/18,0,0,0
293,2025/10/19,0,0,0
294,2025/10/20,0,0,0
295,2025/10/21,0,0,0
296,2025/10/22,0,0,0
297,2025/10/23,0,0,0
298,2025/10/24,0,0,0
299,2025/10/25,0,0,0
300,2025/10/26,0,0,0
301,2025/10/27,0,0,0
302,2025/10/28,0,0,0
303,2025/10/29,0,0,0
304,2025/10/30,0,0,0
305,2025/10/31,0,0,0
306,2025/11/1,0,0,0
307,2025/11/2,0,0,0
308,2025/11/3,0,0,0
309,2025/11/4,0,0,0
310,2025/11/5,0,0,0
311,2025/11/6,0,0,0
312,2025/11/7,0,0,0
313,2025/11/8,0,0,0
314,2025/11/9,0,0,0
315,2025/11/10,0,0,0
316,2025/11/11,0,0,0
317,2025/11/12,0,0,0
318,2025/11/13,0,0,0
319,2025/11/14,0,0,0
320,2025/11/15,0,0,0
321,2025/11/16,0,0,0
322,2025/11/17,0,0,0
323,2025/11/18,0,0,0
324,2025/11/19,0,0,0
325,2025/11/20,0,0,0
326,2025/11/21,0,0,0
327,2025/11/22,0,0,0
328,2025/11/23,0,0,0
329,2025/11/24,0,0,0
330,2025/11/25,0,0,0
331,2025/11/26,0,0,0
332,2025/11/27,0,0,0
333,2025/11/28,0,0,0
334,2025/11/29,0,0,0
335,2025/11/30,0,0,0
336,2025/12/1,0,0,0
337,2025/12/2,0,0,0
338,2025/12/3,0,0,0
339,2025/12/4,0,0,0
340,2025/12/5,0,0,0
341,2025/12/6,0,0,0
342,2025/12/7,0,0,0
343,2025/12/8,0,0,0
344,2025/12/9,0,0,0
345,2025/12/10,0,0,0
346,2025/12/11,0,0,0
347,2025/12/12,0,0,0
348,2025/12/13,0,0,0
349,2025/12/14,0,0,0
350,2025/12/15,0,0,0
351,2025/12/16,0,0,0
352,2025/12/17,0,0,0
353,2025/12/18,0,0,0
354,2025/12/19,0,0,0
355,2025/12/20,0,0,0
356,2025/12/21,0,0,0
357,2025/12/22,0,0,0
358,2025/12/23,0,0,0
359,2025/12/24,0,0,0
360,2025/12/25,0,0,0
361,2025/12/26,0,0,0
362,2025/12/27,0,0,0
363,2025/12/28,0,0,0
364,2025/12/29,0,0,0
365,2025/12/30,0,0,0
366,2025/12/31,0,0,0
